0,U+914C/d51ce0cb6e9b4821.png
1,U+8006/e2d6f4958a64122c.png
2,U+5DF1/46cf4420f59a9029.png
3,U+7A3F/354d4b5256740617.png
4,U+8A13/fbff09c814ac4a69.png
5,U+8CE6/4152a33b394605e6.png
6,U+8208/7cde7f27e0856805.png
7,U+6708/6075b8d0acab0c4e.png
8,U+7981/1b1f1f7101505afd.png
9,U+8B21/8132aecf8218e0fc.png
10,U+504F/2a476d75c8958d5f.png
11,U+9B42/8cd0f90993972dd5.png
12,U+7E3D/bba14e48f46c7f11.png
13,U+6750/8660e9dff9dc58ce.png
14,U+8629/676860be7a08f5eb.png
15,U+4EAC/c9516dc3b5d33543.png
16,U+6749/205c21b03f057347.png
17,U+7D68/80c2bc0ad9fe7fc6.png
18,U+9B9F/f1559b71be8918b1.png
19,U+753A/c492b1d7c15eb244.png
20,U+58F3/550ddc14a0222e3d.png
21,U+519D/bc65f6c6743d257d.png
22,U+9B92/a051ca69451b8d96.png
23,U+5982/1951e24089a1599f.png
24,U+671F/2b5a9224cb85cc39.png
25,U+798F/9fa8d2bc0107fe7e.png
26,U+5D8C/268445951f432ef1.png
27,U+6EC4/84003e076a504b5b.png
28,U+5C08/1e0fddf495aa44de.png
29,U+7A42/655e226c88398500.png
30,U+7A93/55d93d79454cc128.png
31,U+5316/7a22c3b8595e7ad7.png
32,U+9DBA/255e591f73d4720f.png
33,U+7378/ba45f301b64a35d9.png
34,U+6A12/652a1c0050fd787d.png
35,U+60B6/e9c5bb12fae80b51.png
36,U+7D99/5729b722fa4dc3f8.png
37,U+52DE/b0757cee32ebbd90.png
38,U+9999/a8e9263b6d3b9698.png
39,U+8E8A/d885b08334876af4.png
40,U+6939/0a34e48ec7f78764.png
41,U+546A/9ade9b63ce9cef02.png
42,U+591C/bdf0e8651db251e7.png
43,U+7E11/0a859ce971ccca93.png
44,U+6E1B/e54847c11bdeca66.png
45,U+6478/9b69837befa8b55e.png
46,U+862D/c43c552542970969.png
47,U+7D2C/6423fbfeb4faaf10.png
48,U+8129/ac39afdaef11d5bf.png
49,U+9870/19b932aeb0374545.png
50,U+9CE5/4efb8a6a6c757850.png
51,U+96E2/9ea5df0949625308.png
52,U+9903/aa7cbf57b840fd61.png
53,U+5BA3/f53f46bf80d9f94c.png
54,U+8123/ec656720376f82f3.png
55,U+8888/d2361b6b199f2c4f.png
56,U+75F0/3c5d7e812a7c0cfa.png
57,U+5341/69f023a12c91e610.png
58,U+537F/8fa62fdbaf072b00.png
59,U+7B6D/d0155e088b5804e1.png
60,U+73CA/a943cfec81c56842.png
61,U+7E4A/64e6a76bd0917d82.png
62,U+51B7/831b0b9c83fb4a19.png
63,U+5869/9648a5b1d1dfcd23.png
64,U+5750/2e8d409c7dd3a446.png
65,U+4E73/cdfe11000f93e2b0.png
66,U+66AB/29937571bef5a696.png
67,U+5EB8/095eb1d7a8c7e78a.png
68,U+6953/edd036835b94a6a9.png
69,U+60FB/49bf5f89852b7725.png
70,U+69F9/d80cd93cd0c44b02.png
71,U+5C65/20af9928256ad5de.png
72,U+78FD/db9991c7b610437f.png
73,U+5BD4/fa00bf5d038e4f58.png
74,U+7C60/e157df3353ce10e7.png
75,U+65AC/c5349d5caffd0a2f.png
76,U+9821/07d9a958c437f80d.png
77,U+690E/2af338810b19a6a1.png
78,U+7DD1/e9de8daab5286c68.png
79,U+8710/c346d6a9b4cb486b.png
80,U+6A59/30384841ce85780b.png
81,U+60E3/6e9c5187a0826740.png
82,U+62EC/82602c096ca7fad2.png
83,U+5436/d128e76f9775154f.png
84,U+5557/1fb65175faff0e9f.png
85,U+88C2/c7a1226f76d1f278.png
86,U+7C6C/2142bc467bc2d8c9.png
87,U+4ECD/486863434c46a297.png
88,U+7A3D/77cb34544f86daae.png
89,U+8395/01b723c61e1aca68.png
90,U+7955/3223c57531ae88bb.png
91,U+4E4F/13dea4ff76b76829.png
92,U+8FC2/876208ca5ec65be2.png
93,U+8CC0/8ec4c4e12d7b13fa.png
94,U+98EF/1a299b5b7d471b34.png
95,U+7E8C/a3c896d3ac4a0f7d.png
96,U+9006/87366fef9b05a83f.png
97,U+99B4/58fc7034fcb04cac.png
98,U+632F/a93fac2fef08250d.png
99,U+62CC/0b182786f1636fc6.png
100,U+50B3/4efcf35e6c0818f1.png
101,U+55C7/a4dc26b10278aa3d.png
102,U+8B17/209b506723d64f64.png
103,U+5373/d8fe1e34168dfb1d.png
104,U+88FE/1c4d43f9efa99a17.png
105,U+5FC5/f668059d6c1ec587.png
106,U+6DF1/a073889bda811bf8.png
107,U+5D8B/ddc558e0a7a6406f.png
108,U+8DE8/924a43336311e43c.png
109,U+9470/7fda3130a2ebd2c3.png
110,U+9A13/37f6a36ed9fc48ca.png
111,U+7BE9/451ee7c55547d8d5.png
112,U+9D59/3b2f303ab94e7ca6.png
113,U+901A/53e87218978ba1d6.png
114,U+5B8C/a6cfbdc699449058.png
115,U+4E5F/f7821264bea3ebff.png
116,U+7947/81d01d6549e5fe6f.png
117,U+96D6/d4cd7607ade08d9c.png
118,U+7E2B/d5cfbdd97799b941.png
119,U+993B/aad663c7063fd78f.png
120,U+81E3/62576cfa413f1d73.png
121,U+6B6F/fb45b6c23f4bafc8.png
122,U+52D8/412206c23273b555.png
123,U+9785/ba1ee99fc8aa3ae5.png
124,U+5EF1/d15418618acc85d6.png
125,U+83EB/a30816b8928f500a.png
126,U+68C4/2911d78fac48f49b.png
127,U+5872/d0a5275c861dce46.png
128,U+7D45/793e494ec78f5a14.png
129,U+5C53/ee57246822731c90.png
130,U+9BAD/9d464c8b3059e821.png
131,U+5B30/1fefe9da9506cf12.png
132,U+8A93/061025daf2294f77.png
133,U+8782/d31dba6e19674af1.png
134,U+900F/d6504661749e3afe.png
135,U+5A6C/0e1275d9dae02d6f.png
136,U+5FD8/0759817ab5b95bff.png
137,U+9EDE/283c2cc16643a250.png
138,U+6069/40f7ba3bd865f259.png
139,U+8338/c1ba762cd8912d87.png
140,U+7B52/7e98ac3e223d058c.png
141,U+8461/fb81816ca4ac90aa.png
142,U+6182/984397d1c2237850.png
143,U+6232/0fc578a76542b517.png
144,U+85AB/c7a615025886f3f5.png
145,U+57D3/2b22ec6c1a666591.png
146,U+795D/9cec8027d6b82db7.png
147,U+557C/476031365534c1bb.png
148,U+8C37/e91cbe22d308124c.png
149,U+5BA6/ce7521f30d659951.png
150,U+699B/edc864a3adc1ed7e.png
151,U+70BA/369a53ff26c055ba.png
152,U+8058/7563322117920dc5.png
153,U+633D/6025ce378e8a443b.png
154,U+5BC2/7addbd374bd973d2.png
155,U+5011/6fbfaf6018b4a091.png
156,U+9013/2354ed85e120d58c.png
157,U+7D19/c818c62a2f0811c6.png
158,U+614C/eb235c26cd2093b6.png
159,U+982C/cbb2454210237b8f.png
160,U+6B64/cec897ca754e93af.png
161,U+5949/24caab40ec50085f.png
162,U+58D2/91edef05965d6e68.png
163,U+7D30/f7dd8512fbe1ed1f.png
164,U+5C69/4e349bfe022d9cd3.png
165,U+7C73/22fd3bcb161e985f.png
166,U+5C09/6f44582fc26ee916.png
167,U+540D/188691771bb72147.png
168,U+7682/10780173aebff832.png
169,U+8577/d80f770fee7393a8.png
170,U+96EA/50ba7a01009a7749.png
171,U+9940/32cc9c61900fe35c.png
172,U+6E90/c51f358916f4a597.png
173,U+4572/58f3938571954b81.png
174,U+718A/f40e0dafe3b50020.png
175,U+8CE4/a2725fead200f961.png
176,U+947F/d4ba6917da6a2f66.png
177,U+5F98/30d5f5f15464aecd.png
178,U+9332/cf1a7c5dba029983.png
179,U+4F3D/d2cfac2ab4eefd47.png
180,U+6015/1c087749ced4a236.png
181,U+7156/afdd6e6ec475b5fb.png
182,U+838E/ca3c057b078f3c01.png
183,U+6EF4/1339c3b033393c81.png
184,U+6C50/e74ebf342515826c.png
185,U+9453/99262a0990dd330a.png
186,U+7D1B/81d449cc71d5e002.png
187,U+5854/678386e4afaa3f30.png
188,U+96DC/d1d17674db1f6b7b.png
189,U+5352/6d4d70adc86e2e3d.png
190,U+5203/6215cac8259ea05c.png
191,U+6388/43757aa69873dc99.png
192,U+5978/043e0a627852bc7f.png
193,U+5239/d188b3e28797f174.png
194,U+5475/235e58a000e347eb.png
195,U+60B2/e52b8fa087a4d1f8.png
196,U+6F5C/5ed98a9afc726086.png
197,U+9859/8631d5ae01f49114.png
198,U+521D/406296b8fb41f3fd.png
199,U+9089/4db41799de3b7c4b.png
200,U+57DC/e8ca0eb6d181e157.png
201,U+516D/24f7ce1ca578f706.png
202,U+6DE8/ab9e4713095e1a12.png
203,U+4ECB/c23720e828218a75.png
204,U+4EA4/0f42fead58759b88.png
205,U+6578/28fea7296e69821e.png
206,U+76F2/bb0c64c6c288308a.png
207,U+6F70/ee851d7501ffa3a1.png
208,U+5C3B/e2d106ebd3ae172b.png
209,U+8B9A/96f24b14b9afdc81.png
210,U+9DF2/b3758dce5aafcb82.png
211,U+91CD/65935de870f46e52.png
212,U+66F3/0d5cd92d2173bdb8.png
213,U+8594/0f3a1156ecdf5604.png
214,U+5B36/2783241ed8eb73ca.png
215,U+6E23/a0d3fdf9be40216a.png
216,U+5E7E/0010b1632506e40c.png
217,U+69AA/404e8cf7de27852f.png
218,U+6B69/7613bc3f409e78f1.png
219,U+68F9/f1ac5954465457cd.png
220,U+6843/4dcca7915e45f5d8.png
221,U+8D14/72234398fb236983.png
222,U+5C0D/e85d7899a2ed1a3a.png
223,U+5C55/f7e5338233d1a75d.png
224,U+4F4E/c0b04138b20fca78.png
225,U+708A/b38d8b417d042e0f.png
226,U+53DF/ceffb8e49b760d9c.png
227,U+64AB/befdc67fb2a1add0.png
228,U+93AE/e4b6caf958d7652c.png
229,U+811B/343eda923b157a43.png
230,U+7565/6a6889994d9df294.png
231,U+5A5A/1cb6f4ca7cf94098.png
232,U+8A5B/a677fe706000d97d.png
233,U+7500/226f6cfa13d4331f.png
234,U+89A7/198e07db4428de72.png
235,U+8514/b69dbfaa2427727e.png
236,U+6771/525f113fc144237b.png
237,U+8FFD/3b6de15009b81110.png
238,U+64E1/bb4b22310d62aaeb.png
239,U+7F85/3d91ce6ebaa61b83.png
240,U+99DF/e82010c0fa629f20.png
241,U+812F/2b4dc6fd24a38816.png
242,U+634F/426dcd331b96f214.png
243,U+5B97/5daf4087714f807a.png
244,U+968B/d5e4847c06de5795.png
245,U+8471/5a8bc16df570f8e9.png
246,U+7511/ebd13415fa1edc09.png
247,U+7D42/78a0388cf908eb36.png
248,U+9C63/6f5107e42b0e389f.png
249,U+572D/417d3f18822cdddd.png
250,U+67F3/edf00d4a109e705d.png
251,U+6E8F/eb59f1443d31ecd2.png
252,U+51A5/c5c02721a18c679b.png
253,U+80E1/712ba1a13ecd9871.png
254,U+6E05/ad0c99eed37cd458.png
255,U+50CD/9a0ebf965e665785.png
256,U+8B6C/41cb24264a7c4ee8.png
257,U+731B/3ce56828b105b124.png
258,U+54E1/651acde6efbc4735.png
259,U+6BBD/351577ffacd505f8.png
260,U+8D85/19a2aa233c73acb8.png
261,U+5DFE/c21f061119495fb3.png
262,U+57FA/7a537c7d331ddb1c.png
263,U+8A6B/86abdacb7b4c81b6.png
264,U+6FA4/e3952345a080b9e5.png
265,U+97A0/68a2d8f90e80f0be.png
266,U+5DDD/c8dc2c90c4d376b0.png
267,U+8AA4/74c858d5c7b17a19.png
268,U+71DF/354d31ac08204e8a.png
269,U+7D6E/3d668102a0742e7a.png
270,U+8AEB/271090704f2799f6.png
271,U+8863/3e261b0a476cae66.png
272,U+4FBF/93f7bf9948083925.png
273,U+890C/cc8f3ae6a1b6bdc1.png
274,U+6C7E/f254ad7f1fa08d56.png
275,U+56D8/fe92419ea513390d.png
276,U+4E18/aef12a8c650bbd99.png
277,U+9D28/aac0c4c7360790a0.png
278,U+5E02/38d15005907758b7.png
279,U+6E9D/7fbb65cf16dfadce.png
280,U+9285/916f0a95ec74a3dc.png
281,U+53CE/7c6e5b032c892771.png
282,U+77ED/27f4ca6a043d2500.png
283,U+81F4/d546c5f5864369dd.png
284,U+68FA/700cd7e1723b68f5.png
285,U+57A2/9a3fc92867b37137.png
286,U+9306/f0abb6c93744de25.png
287,U+72F9/8ab03088de25822c.png
288,U+4C61/e6eeb23552e1a21c.png
289,U+9295/9b5114a16c0229c4.png
290,U+8671/31edbca2413c666a.png
291,U+7518/5bd96aee464052ff.png
292,U+80F4/9ec2fe89c9987b7c.png
293,U+9673/1ddc18cdce0f83aa.png
294,U+6AC3/2fe57c7d75a72fa3.png
295,U+89BA/c22400004d0505c8.png
296,U+51F6/a85e3b23356c45cb.png
297,U+6191/f94647faa51cabf5.png
298,U+80DD/95c1dd5cce8fc1e3.png
299,U+6D78/b53e68d0d4e0ad06.png
300,U+500B/a020d2adbff5d035.png
301,U+6960/cbcd9bd464edb832.png
302,U+7688/050ed8fb7258abc6.png
303,U+7246/b38de3a50d5f1abd.png
304,U+8303/3ec83db45f0b6132.png
305,U+7E61/066679155c81d8d7.png
306,U+666F/5cfa84799aab664b.png
307,U+5294/e91b9ae0f1b12350.png
308,U+98E2/c3c7571b4bfa7843.png
309,U+7528/ac141cb8c45a80bc.png
310,U+8305/768105478677369b.png
311,U+7FF0/65905e7f430e244a.png
312,U+5EDF/64005c255602766b.png
313,U+6C5A/fd5c7b62f86970e6.png
314,U+7D21/b8d64d65c76d3c95.png
315,U+68AD/50a5fb7451a2d68b.png
316,U+5B57/2a540f2ed8f0498c.png
317,U+8EAF/a443e1d663242d99.png
318,U+8318/a2feb8e473412a63.png
319,U+6F2C/b52f9c65d4a1f60d.png
320,U+6460/acac6037a00a686d.png
321,U+82D4/218f05ecc206db2c.png
322,U+8DA3/81ec53025db08089.png
323,U+7802/709a1a3f0cadb5b3.png
324,U+6817/53fa33fa09294cff.png
325,U+90FD/cc8650d80535a9fa.png
326,U+8500/861b2ef5d0e3fe5c.png
327,U+8DEF/be1948461a11d00e.png
328,U+6492/ced1415c2ee8235c.png
329,U+6D25/2447987b93943408.png
330,U+5C06/513d02349d400ed6.png
331,U+8CAC/8582167a0330ad5d.png
332,U+9C25/0e88fa59a33ac4bf.png
333,U+5F66/a1215421d29cd288.png
334,U+6060/aa28ec852ea325af.png
335,U+795A/5056d8ff8f5bb97f.png
336,U+6C72/255042a6adaba0dd.png
337,U+5E36/21a55353dbf7a4b3.png
338,U+9E97/36b78084372fa59a.png
339,U+71BE/fd8b019835b96195.png
340,U+7A97/86b371723d8e8317.png
341,U+4E99/90018e1640eb05a0.png
342,U+76C6/24c698e15fe351aa.png
343,U+5029/8afeb145bdff53de.png
344,U+98DC/9e13e75e9e814478.png
345,U+623B/45228a473c7499bc.png
346,U+6291/f4771b2f47f0b5c5.png
347,U+773A/e66e3a33bd8c386c.png
348,U+5ABD/0f2e0d7e7c9af89e.png
349,U+6B8A/636d7e7f7fc3fdbd.png
350,U+29E75/72d0ef441b7bc703.png
351,U+5712/c24e94f213bb3760.png
352,U+679A/4502e708505a5a1d.png
353,U+5B87/cc2b8cd01c984262.png
354,U+816B/07699d21c779df3d.png
355,U+5909/e0fe5258acbb61eb.png
356,U+620E/a9325da3e76aeaaf.png
357,U+5C01/2ee94cf31712e87d.png
358,U+6D88/5a3aa83ef0bfe820.png
359,U+9BAB/28c068c715eba6e1.png
360,U+79E4/ff4a7718a3a7b6d1.png
361,U+9739/49252edf024a7764.png
362,U+6F09/bc5f3d4ed1c72cb3.png
363,U+5EAD/762533861ed030de.png
364,U+8001/03f0ed45ae5c8500.png
365,U+9AEE/d96dbb3f5eca39c3.png
366,U+99C4/bb45e722e468dd52.png
367,U+6CBC/9032c5d6ddb0f581.png
368,U+6FEF/8af40f1904e6908b.png
369,U+7C3F/b687d3ce4cbe236f.png
370,U+901D/fe11f8f8f848e164.png
371,U+5F0F/bc708006a4f4659a.png
372,U+6848/1e3d47bd1247d0ad.png
373,U+690B/f433d3cb659a3f03.png
374,U+4F5C/e01a0625474a234b.png
375,U+67E9/2ea16209eb7cfc57.png
376,U+4ED9/ca0c7bfd8e9e5e38.png
377,U+5DF4/be3dd823ef72ed94.png
378,U+4FEE/fc5b3d029717bbc2.png
379,U+83D6/b6fde9e809edf992.png
380,U+60D1/c967c6868efad56e.png
381,U+9190/efc8ac82575b3757.png
382,U+8F9C/ee8438e52b173a7a.png
383,U+4EAB/6eb0cdd5b215991a.png
384,U+8996/3bdde868e241e4a9.png
385,U+67AF/c44a8e094948ab8e.png
386,U+64B0/c4d9f64cbffd896b.png
387,U+87DF/5a4164488af9453e.png
388,U+83D8/f1b2bc6004f7bd48.png
389,U+8AF8/455a0b838dedd727.png
390,U+8272/a65f57e543337f3a.png
391,U+80CC/7771ff2f0fc40c96.png
392,U+885E/99a48e7580a144ce.png
393,U+5761/fea28d1412966ce8.png
394,U+827E/bd864f9fed745123.png
395,U+81C8/535ca3cfb43c4dc7.png
396,U+9ECD/85f03ca657e340bd.png
397,U+7948/d02b7ce678e83e33.png
398,U+574A/025f16c7285b6156.png
399,U+969C/311baea0833cbe17.png
400,U+7F54/cc6d506815a6c1ce.png
401,U+5B50/649a37f71e4082a7.png
402,U+5378/03b541fe475c8111.png
403,U+63A9/62643e40cc8f27b7.png
404,U+595A/173b3df95ceeefd7.png
405,U+81ED/1bd54df6b8f33634.png
406,U+5544/c4e684b67905c05d.png
407,U+99D0/1adcb9a734862080.png
408,U+84EE/e5354ab0ff19cb3f.png
409,U+5366/117420337a9b8c5f.png
410,U+9C39/368e9fac337a636e.png
411,U+8563/d5b25f117776f300.png
412,U+7AC3/e741bcd3bd89d135.png
413,U+640D/4eff01cd973c0f83.png
414,U+6AD3/0f43fbeedd6f74db.png
415,U+6208/78781f84fafcbcb8.png
416,U+968E/bca36e2cfe3ff783.png
417,U+7434/a25b19dc86596507.png
418,U+7A17/dc181ea1677f1af8.png
419,U+8F15/1614fa6ae5ab3682.png
420,U+85AE/57ebe086272aa367.png
421,U+9B51/41f2c4b74eee977d.png
422,U+6319/bf9f579f4309e758.png
423,U+4EEE/c2a076d2d8f9f45b.png
424,U+5E78/cf2ac38a361342d9.png
425,U+542E/cc48fea500f1580b.png
426,U+62D8/8a3201aa41d43f04.png
427,U+6974/81d24bc2e2645c57.png
428,U+4F76/55cdd0bed8cb5136.png
429,U+5FC3/bed05c9a224c8b31.png
430,U+86BA/3f04cc7ae9df1852.png
431,U+9132/20fff6066df4d989.png
432,U+8AF7/2fbe79ec6441704d.png
433,U+87C7/89484e8ab9868984.png
434,U+7CFB/6806866fb7f4519f.png
435,U+5713/9775f57452ffa2ff.png
436,U+84B2/dad83150247be75a.png
437,U+65BC/78dd79dcc9ce35ce.png
438,U+990C/cc3809a0140caafe.png
439,U+80A1/f5f2fb6a814a27c7.png
440,U+25DA1/512d7fcacddd25fd.png
441,U+7CEF/8195792dbd16e9e4.png
442,U+4F59/31e6cc1000eb8be3.png
443,U+96C9/3fd72da2ee21a0ec.png
444,U+68B6/7b57ca32ea8b93d8.png
445,U+7BFC/b1e68428b9cbb3bf.png
446,U+6B78/c78c572485ad916b.png
447,U+63E9/3400d9c47aed0de9.png
448,U+9EC4/83623fe9e3773acd.png
449,U+62F6/0090c46fd4d64bd2.png
450,U+54A8/e53481a979586228.png
451,U+737A/87214d075f108070.png
452,U+70F9/8c02fa2222c35f9b.png
453,U+4EE5/be7f16c1482b0736.png
454,U+8821/466ff54405ac8f61.png
455,U+7DE1/0e005dc914030fc8.png
456,U+8981/ac359e229341352b.png
457,U+84CD/0f07d3fee15d21ae.png
458,U+9E8B/43473ff020ef1ac5.png
459,U+90ED/3ccd6014d38e8b11.png
460,U+6F64/362562bcbca0c880.png
461,U+9769/20b2b9e659b880a5.png
462,U+7A7A/301cb5d79af8f874.png
463,U+91CE/8f2900cf4617e5f1.png
464,U+8AB0/a825b1acdbd0ca38.png
465,U+6BEC/61f3e581a86576e6.png
466,U+873E/7a13e456a67255c5.png
467,U+9EB5/aa12e16a700fa1b3.png
468,U+6591/e6aff57f86d6220b.png
469,U+8840/8e89673cde63a919.png
470,U+99B3/1371cba3bc3d70c4.png
471,U+531C/45920c58fccca090.png
472,U+81BD/d8faae316e24163c.png
473,U+9761/c978c24e6132ee8b.png
474,U+7FA9/d848310f910025f1.png
475,U+5782/a60813e21a13f3e4.png
476,U+96E3/db5096918227c763.png
477,U+27752/753707d98f6d4c77.png
478,U+52E4/b6cb4ec1f91e94e9.png
479,U+7E55/b64dde43029923bb.png
480,U+514E/f550d46217fd5560.png
481,U+8A23/10304cf391120d6f.png
482,U+863F/27f15417c48f5a11.png
483,U+7329/2c3d6128b1e0ba19.png
484,U+7CE7/7ffcf5d554f699de.png
485,U+8A3C/8eca1751688b3c49.png
486,U+4ED6/02c2dabd8265a40b.png
487,U+5BD0/bd6e184b7ebc040a.png
488,U+797F/a77a57ee0b8d3b8d.png
489,U+8073/3670881d5ec23117.png
490,U+5F97/ce9765d503d440a3.png
491,U+611A/3b4863ced50d154b.png
492,U+725B/e429b799e65e773a.png
493,U+57CB/7e903b21dd8c89f3.png
494,U+65D7/835458371b4b7cb6.png
495,U+8B8A/4376d85cfd8c41a0.png
496,U+633F/95a2b6fa9a07f929.png
497,U+66FF/12a606779096a4fa.png
498,U+8278/8edb7ecfa1750aa3.png
499,U+56AE/c53ee1841e46352f.png
500,U+7C92/6f403b737d73dc9d.png
501,U+5516/b2e74a487330510a.png
502,U+8FC4/3ba9dba88ada8c75.png
503,U+4FB2/43d6d2aa730e6892.png
504,U+8A17/52b6d7d172b6f87d.png
505,U+90E8/8ecf3cdbfca6d52e.png
506,U+53EB/4e24805239032f3c.png
507,U+8D05/2cb04d99aa817dca.png
508,U+9A12/99aae654296ce1d2.png
509,U+5531/7e9969cf4924c926.png
510,U+6D3B/ab622418ce1eacca.png
511,U+51E0/75ad624b4324f118.png
512,U+854E/a98c6b7d20ede0d2.png
513,U+731F/7f7e05a0378adc91.png
514,U+968F/af89cb170fd1c5ab.png
515,U+65B7/36b1486d69034d12.png
516,U+68E7/8866bf633c08245a.png
517,U+52A9/e3f6352935cd07a8.png
518,U+5E63/4601282acfd2afa1.png
519,U+8D8A/1716b850f0c865de.png
520,U+544A/938cb037d7c87c3b.png
521,U+865F/7ee16db046bcc133.png
522,U+7B72/cf17622c7f834bad.png
523,U+8925/49449b0cb9220e1b.png
524,U+7CFA/0700100fed59826e.png
525,U+5F8A/189cfff83be8e4fa.png
526,U+524D/b780844be18d3dc8.png
527,U+5A1F/b6d48857dcaefc6d.png
528,U+5048/51846fe9c7eebe68.png
529,U+84BC/8b6cbd0ee7b05c50.png
530,U+8FF7/ce14d01ca12d5c13.png
531,U+96C1/71c3b99551322c8a.png
532,U+7433/ca58bc0efabde425.png
533,U+71AC/26352e5bfdb2ccb0.png
534,U+788E/cf34c190c5c86476.png
535,U+6E9C/1117c74bbe3f891c.png
536,U+82AD/5641dd26bf23928a.png
537,U+8179/1818d134dfae4639.png
538,U+5C4A/4a9c484c8d8b71bb.png
539,U+653F/adf559a42fbfe054.png
540,U+54C1/f981cde9bb75a020.png
541,U+7CA7/72241eebcfede6c0.png
542,U+95DC/2469a5a1b07eb5fc.png
543,U+5360/79fe637499f10e04.png
544,U+67D4/77ac4a5c0faa9806.png
545,U+8C5A/8b3c74e8f0c664df.png
546,U+59D4/ec2c8c4d12ebdb0a.png
547,U+5211/0fc7ecd842189685.png
548,U+9B3C/6d6882384df052e9.png
549,U+58FC/f378bda2a92b041e.png
550,U+611F/096b7b128a92f0c2.png
551,U+6ADA/a314394014b1f870.png
552,U+5B41/a27b3fb41f8c911a.png
553,U+9759/80431f05fcc6a969.png
554,U+7FA4/8f20fa668e43df52.png
555,U+6518/bc7e2f185fc877e0.png
556,U+55B0/563863ae526cbe98.png
557,U+8FCE/ec9657ee4f27b2c8.png
558,U+7403/829cac6cb28c9789.png
559,U+7375/61b2b217b2840685.png
560,U+6A1F/5b0644ae89a0852e.png
561,U+7121/5d7d1ca27cde9573.png
562,U+4F3C/f1fea815cfc3e6a1.png
563,U+90A3/9ec6099f83928660.png
564,U+70AD/ef4d9f9321eb0d48.png
565,U+798D/682cc2af8a0c4e2e.png
566,U+5AC9/9919da9f8263679b.png
567,U+757F/df63705c86db7d57.png
568,U+8872/0422c2da22d4c846.png
569,U+58C7/fc8c43aa45ebb238.png
570,U+4F53/27f84a442c7463d9.png
571,U+9798/719543ffe7a0c7d0.png
572,U+983D/2a873b702567924d.png
573,U+7165/7465ce58e13a31e7.png
574,U+5974/fbabe30c2bc0a696.png
575,U+6A23/d52d8ee80b3fc631.png
576,U+6127/3117efa44dc08326.png
577,U+67D0/11c1b7459abdd22c.png
578,U+6B0A/03e39adecc3a8f29.png
579,U+85E5/d200343c88abeb94.png
580,U+9BA7/685a61e97fcaa02d.png
581,U+4E57/17137bc81d5ae88a.png
582,U+8881/390a98c1204e321a.png
583,U+72A2/6085c8e4796dca65.png
584,U+52B1/df31a44d175b70d0.png
585,U+6BB5/7731a747b16a1c79.png
586,U+82F1/0f8764fcb5b4db87.png
587,U+88DF/449963f13302b6d7.png
588,U+5E76/027c633b35d4f8bd.png
589,U+9C72/44e87c4c95c4762d.png
590,U+8131/d2d07126edd8d1f9.png
591,U+877F/20bc1aa14d6f93be.png
592,U+8E1E/fc0102b46860a185.png
593,U+8EFD/8c8a836714a06509.png
594,U+7912/ccc1e9c91e393085.png
595,U+8759/b257480de81ed2b5.png
596,U+775A/e4ef2068d710dd8c.png
597,U+5D69/f81b9674e0403520.png
598,U+8FEB/7958ee4747ed04d8.png
599,U+7CB3/8c5f8f7e34bf9dde.png
600,U+82EB/03e7336275420e5a.png
601,U+8584/dc40a31ef892e5e7.png
602,U+9394/60f3a6aaf45f0478.png
603,U+73B2/1465a68f5bdec5b6.png
604,U+9B45/83cd9b3e78b5e322.png
605,U+6CE8/51e4e1cf93b89900.png
606,U+80B2/b11ac0d1fe560b5a.png
607,U+7DDA/f6ba49578aa634c9.png
608,U+8870/1a6a6f02be186172.png
609,U+9475/7d067a29bc03c074.png
610,U+7AE5/94dd82fc5f5534cc.png
611,U+9810/501b88ad5fd35493.png
612,U+55B6/6fd59af110a0b86b.png
613,U+7A3B/b1e35188f36df23c.png
614,U+5A35/35efe49cca3432fe.png
615,U+7DBE/d326955c9d73fbc4.png
616,U+5CFD/349c501946c3539f.png
617,U+9304/035e5d81c37c4094.png
618,U+5EC3/acf9770d419be968.png
619,U+8F9F/a8550008df6dbb7d.png
620,U+5C71/dc3eb68dddfd5ecc.png
621,U+8CC4/d9ce2950178a0654.png
622,U+93E5/258463324b6a67f1.png
623,U+9858/9e34f338d09a527b.png
624,U+6C96/fd14d3dc9ce4a104.png
625,U+76DB/70491e32afa85df3.png
626,U+4EAD/47b16d057c43aab7.png
627,U+6797/db8459d927fb2172.png
628,U+8E81/1a6eefbc7c05a143.png
629,U+8CA8/5f533d57d408dddf.png
630,U+53F8/1f22019e066f9a3f.png
631,U+85A9/546abcbbde860f73.png
632,U+6602/761baa95c6d58dc3.png
633,U+564C/21e983461f7a4619.png
634,U+659B/031fec926d6f7a82.png
635,U+52C7/7af407d39ff79284.png
636,U+61D0/20a1f12970882d24.png
637,U+636E/0859bc15f5144a6e.png
638,U+5A7F/68663d5135a66d27.png
639,U+5301/aec7013fac4e4ac8.png
640,U+7576/66ece6fed8bf90a9.png
641,U+4E08/e5d5fc134636a829.png
642,U+5BA2/3b1e9e6f058de4fd.png
643,U+7FC1/4c8b34ee799a99e7.png
644,U+62D4/ec8dddb95451ee58.png
645,U+FA4A/3d19ffe9dbc891fb.png
646,U+9032/164d084e54197613.png
647,U+6881/8769f908ecc2baf4.png
648,U+8438/c8cdc8b8198685bd.png
649,U+6FF1/467ce4108bdd7c3d.png
650,U+698A/081444811fcafe54.png
651,U+8170/f45f52312f080915.png
652,U+89C0/3b82635695a56323.png
653,U+555C/5a4fd1b498625e1c.png
654,U+5E74/2dccfc0319738dd0.png
655,U+542B/dc0ba786b88c2890.png
656,U+5AE9/f9decd48e384df66.png
657,U+5EE2/39df7b3853c9870d.png
658,U+75A3/e4f2794959e599c3.png
659,U+9BAE/56d3bd8968fcd6e8.png
660,U+70B9/ee325a45ab3032b8.png
661,U+59DC/a3c484aeffde9dfe.png
662,U+4E32/7860a1573aded00e.png
663,U+55DA/1d5f0ab6aabb65e5.png
664,U+9D7A/8d5eba584e0b792e.png
665,U+7E2E/6a684656d31b30b7.png
666,U+51F9/884fb955b54350f0.png
667,U+7F79/c21e5e37b53a6a0b.png
668,U+8F1B/60ffc0938d21e2ee.png
669,U+9020/f50a0b0926e63a46.png
670,U+4FF8/e8d33afe0471a0f0.png
671,U+7262/73ad03e54727128e.png
672,U+5016/a1fcbe3928893187.png
673,U+75B2/145af0bfcf753d5a.png
674,U+6271/35a51a979eee06a4.png
675,U+74CA/42dfb706b7dee48f.png
676,U+7D46/9857098d1b0c38f7.png
677,U+4E39/b76497fca25e2575.png
678,U+6CC9/9c503bcd136c7402.png
679,U+8B1D/d18250c3f3fc904e.png
680,U+722D/ac972dd99458ca05.png
681,U+9756/51dc9df7363afcf6.png
682,U+6893/4d492aecab32d257.png
683,U+9BCE/294e9700fc5c9d6a.png
684,U+638C/c4b2b8ca4c002fb1.png
685,U+70DF/27fbfbb1fead01e2.png
686,U+904D/f609fe6860d0c3ba.png
687,U+6CBB/409f177e9a5eef6e.png
688,U+5065/fa7c2d67c2b0d6e1.png
689,U+72AC/2dfe952532adbf47.png
690,U+50E7/546418aed8f52b34.png
691,U+9D5D/96ba4bbb9c1b77ca.png
692,U+7D22/cad03ca3e167a19d.png
693,U+5BC6/9f9d2146b92b9ede.png
694,U+9EA5/c26c73d538af6eab.png
695,U+8B7D/3e355f67e00f2bec.png
696,U+69CC/674380d4860c5360.png
697,U+7DA2/716f959ca849c4ff.png
698,U+7523/cd6ab3a85b99cb0b.png
699,U+9F61/de229addf4812a0d.png
700,U+83DD/90234efb66eb3847.png
701,U+9577/346139dd075709a6.png
702,U+6D45/798e6c4e55086a8e.png
703,U+696D/653fc9f5610c1b31.png
704,U+8D16/414bc9874aa6d7ac.png
705,U+817F/f9a2581156e0053d.png
706,U+75AB/8be22dd4998411fd.png
707,U+659C/ded4781b3961378f.png
708,U+6236/424c2312735ef236.png
709,U+87CB/74385b5aa910b5f3.png
710,U+9688/c1d18782ee519785.png
711,U+5A62/ca53263efb1785a1.png
712,U+576A/c8476e44fcc5b3ae.png
713,U+5BE1/915ede6c8bc6a9bf.png
714,U+9B31/d2ad622f2cd79400.png
715,U+7247/0ebce2ce1578e625.png
716,U+51DD/7ba4aa51ec5f06fd.png
717,U+590F/fa35dde6b8444821.png
718,U+8630/45093757ccfa6a31.png
719,U+6167/517655822a81c99a.png
720,U+5CEF/68c318dcfb76ef8c.png
721,U+9DC9/b616af2c16f5cddc.png
722,U+507D/1fe632091e7c6eb5.png
723,U+8D04/72b693e7e25ef963.png
724,U+6537/822f638406a6b981.png
725,U+5D07/490566e87aa6114a.png
726,U+6279/c8f79e9acb7efbfd.png
727,U+8E4A/f6306f2066b09449.png
728,U+5085/3475dfea637d71c1.png
729,U+7387/7ca02bc5a5fdbe21.png
730,U+6FB3/d4f1bfa2d89be961.png
731,U+75B5/28b28b8efa8ec270.png
732,U+9065/e60f6754edd1b84a.png
733,U+53F0/77aabfa234afa05e.png
734,U+582A/77da1f98e86223f2.png
735,U+7953/b4819f941353e921.png
736,U+7621/66e2020f91dd6b21.png
737,U+585E/d87583a9cc814347.png
738,U+4E80/24a0c0295e6fec8d.png
739,U+6570/084c01b7016c18eb.png
740,U+887E/810f193004cd4da3.png
741,U+66FE/a97d859034f38a25.png
742,U+727D/1d5e699899f843cc.png
743,U+59FF/bfa6a6d32272bc2e.png
744,U+95BC/3880594d791e6b44.png
745,U+5802/72ce7722a287e161.png
746,U+4E91/0e1416e303081cf7.png
747,U+96E8/a32671d9a8ab4a65.png
748,U+50BE/c22dac25abdb1a64.png
749,U+970E/f6d5743d7ee5d6ea.png
750,U+5B54/186189889a4cbb4f.png
751,U+5348/26db407376925f6b.png
752,U+54ED/96e173aac117bf9d.png
753,U+8755/ebdc2aa08174e205.png
754,U+9AB8/e4cb533518359362.png
755,U+67D1/6330afcd69c90082.png
756,U+60DA/aadfc34589ae19e7.png
757,U+53CC/9d24de1914ce5572.png
758,U+83D4/18e579c07b373455.png
759,U+6FD5/16416d1143deba0e.png
760,U+4FF3/0cdd4d8b9bb8fb2b.png
761,U+843D/385d6abe0ee271bb.png
762,U+6C23/d41a41063cdf948a.png
763,U+881C/a7532c46aa606006.png
764,U+82F5/80815cfd87e2b394.png
765,U+77BB/902acefb22273079.png
766,U+6C37/1df0fd4a397e0438.png
767,U+8CB6/bf97b096656c3c78.png
768,U+84A1/41ff6db4fccb3406.png
769,U+6CE2/41b0254aa22b347a.png
770,U+883B/cb33c8de8340a3ec.png
771,U+6230/ef55817df69f1ada.png
772,U+7F9E/2ada0a5fd5205c0f.png
773,U+7B1B/d94f3af17538a0d4.png
774,U+7B0B/7ef7b5d3a9633869.png
775,U+840C/6855d2a469f05be9.png
776,U+755A/94fab1cb7ba7204f.png
777,U+745E/b3e17152aaaa0261.png
778,U+5141/1055af8476e9d4fe.png
779,U+878D/69fe83a07c585335.png
780,U+7BC9/7ed2b5157aabc2b3.png
781,U+98FD/94270335a47c43e6.png
782,U+69D9/b95550d2e440f295.png
783,U+85F7/a844b3030e86d994.png
784,U+5BB0/6a51d4ff77882bfb.png
785,U+6FC3/bdbe2cad0334ce84.png
786,U+6467/a85cd98ff3f8b829.png
787,U+6B4C/7427d053886d9ccf.png
788,U+9A45/a2bc57e10e893ef3.png
789,U+8760/1143f6b09bd4c6dd.png
790,U+95CC/a130f46aad03689c.png
791,U+758E/f3cbecc1573995c2.png
792,U+84BF/10fb704f3fe6d341.png
793,U+5BD3/93d9b40d6e6578b8.png
794,U+775C/850b41029d20ec96.png
795,U+5018/afac96596f256724.png
796,U+9E88/a7626aca6f246f4b.png
797,U+5C1A/f02ce8ec22521252.png
798,U+5F11/4611b59278eb46ae.png
799,U+6F5F/fc3b5203952d6f10.png
800,U+9C2F/f77e5457233b2dff.png
801,U+61F2/142feb764ff0c4aa.png
802,U+5948/d7a3f116ef7d88b6.png
803,U+77DA/acd31ec7d60d84d8.png
804,U+5BF8/8f28569d83b4a0d2.png
805,U+52E7/9b2eab0fe4291e36.png
806,U+53BB/c284eda1cc772445.png
807,U+74E6/52e58556544c61ca.png
808,U+543B/da7436a40b50c35c.png
809,U+60E1/abc2df9e5a483deb.png
810,U+85AC/3cb2db3a0fc44f01.png
811,U+5BAE/92839ae0033e0708.png
812,U+51B4/d161ad2b5d9ce1a2.png
813,U+7965/1b0fbc46306e892c.png
814,U+6697/4c51a51e7d622c68.png
815,U+6258/befd7b0e143636ac.png
816,U+9E93/aee77524d2ca1978.png
817,U+5A11/9fb308a80a9576da.png
818,U+68A2/9313cb3fa2a2e4de.png
819,U+5ECA/3b16e7bcc8a3a717.png
820,U+9EA9/a943505e855b620b.png
821,U+6253/6322cc928043210d.png
822,U+79E9/254587cbb3552b4a.png
823,U+7642/66be6477076031a6.png
824,U+86EF/be59aad9ca5a650a.png
825,U+5403/efcec8ac3c72ac7e.png
826,U+696F/58cd70eb3b3fb0fc.png
827,U+837C/39afaeef06c5eb65.png
828,U+5B78/6cb1b3252d005bab.png
829,U+91AF/cd932a869aabfe94.png
830,U+604D/69003f08320aa895.png
831,U+870A/94c6935c006a7375.png
832,U+9EA6/1b475c9f0097a285.png
833,U+4F55/d5c518eedd59dc1c.png
834,U+8331/eeff04e34f16813d.png
835,U+6AE8/c13d963986d7d98f.png
836,U+6562/4e765758e1245cb1.png
837,U+96F6/62858723322767bd.png
838,U+7E92/e10cddcc3fb0dbc1.png
839,U+65C5/84c4e36a383d45bc.png
840,U+6D41/60a0e4dd4f9f330e.png
841,U+59D1/ac3b865fa6ef04eb.png
842,U+8A9E/a1e69f03ea17d064.png
843,U+79EC/e450f12bdbfe9592.png
844,U+69BE/bff7b0034d0bb64c.png
845,U+5C0F/2369fa1b33981a55.png
846,U+9C12/a1505135083052f0.png
847,U+87BB/8abbd0ae41cf1bf2.png
848,U+767E/2b0190adf97fd423.png
849,U+9952/e2dd555c4c9797e4.png
850,U+6959/84254fb17709e800.png
851,U+8695/5071235b9ca03923.png
852,U+9F3B/736ce95959bf5a04.png
853,U+5EAB/2ddbd524b7b32d43.png
854,U+5E73/a70ffd5db238ff04.png
855,U+91CC/dcba5ad4645e6829.png
856,U+7D2B/77d2146c833c022c.png
857,U+738B/857c71228c8ef3df.png
858,U+5AB3/b9427c30486bfaa4.png
859,U+7C8B/1c72160c20e1e386.png
860,U+6572/4c2c5f4658b277ab.png
861,U+60F0/032025e3be47f1a7.png
862,U+56C2/8faf3807f2c6cf83.png
863,U+6761/6e83514e88a95849.png
864,U+86CD/1cbb6145e4ca9141.png
865,U+963F/793f960c850f112f.png
866,U+88AB/56d372ea5d1b8472.png
867,U+66B4/8f4807f27ad43d09.png
868,U+56F3/606d6f9076704cb2.png
869,U+9C67/107a7f8c5bd98188.png
870,U+5078/a9e5882225b87e1d.png
871,U+75DE/1520e93ab3c4e176.png
872,U+6EBA/23acef29e4c17a41.png
873,U+7E21/e2c71f27826d8962.png
874,U+57F7/1cd92b4c3b41322d.png
875,U+7AF6/4a3f089199217cb2.png
876,U+7A88/10abd4b11f9d06f4.png
877,U+664B/3a05ef0cac8d8602.png
878,U+9BA8/864df3e81a84a2ac.png
879,U+6885/673cc158fa8fb0d0.png
880,U+7DD2/2a16a118bc99404f.png
881,U+97F3/6211cd9ba0451f6c.png
882,U+67B7/e636a9e33900e068.png
883,U+660C/f8531f6682961b09.png
884,U+72FC/9f251f5ba23d09b4.png
885,U+9DFA/b3e80e9bc4d46aa9.png
886,U+5408/f74321cdea6ab3cd.png
887,U+518C/0e081670893c7d3d.png
888,U+7C54/36b38c19d9fee71d.png
889,U+8494/51f8f7141c24e4cc.png
890,U+7F78/5d9e7e7ad2ba42a2.png
891,U+8F3F/34b5899523f0eb2a.png
892,U+8796/85d851dac7e758ec.png
893,U+5439/6211c941bfef203c.png
894,U+6CBD/1bbd7c08bee49cfe.png
895,U+8986/0adf18b465141ba2.png
896,U+5967/5ceb9f225a5cce87.png
897,U+8EAC/59b9d7f68c85a6e3.png
898,U+9855/4ff74b74954b2da7.png
899,U+8B92/7b257cbe19c0a9af.png
900,U+4E11/52ef74f3be03fc8a.png
901,U+838A/aa836c6db91d9c92.png
902,U+9802/cd065bf2024c2f71.png
903,U+8581/ca6743b2899e1ff3.png
904,U+6B53/945f554eeb05e537.png
905,U+846D/fe5d153bbdb6c3cc.png
906,U+4FA0/25de0ec53fe0e277.png
907,U+610D/3d856a785e5b5ab2.png
908,U+5584/82790496cf8b2ec0.png
909,U+7CDF/a5ff4f0f882fbf64.png
910,U+8DE1/22916b5b3d9916ef.png
911,U+66F8/9b32a8f7210c76b2.png
912,U+7BA1/a13565e19bb39b5f.png
913,U+61FA/858827c3747a5b93.png
914,U+737B/0b7f92ca18f56280.png
915,U+76F8/09f7a4ff1e58a3cb.png
916,U+8AAD/2b6f41d8be22e20e.png
917,U+88DD/ffa3a3600cdab57c.png
918,U+81CD/42ff07697159d505.png
919,U+6876/dd29df260af2d74a.png
920,U+5507/2d931517d7573e5e.png
921,U+8D08/43160faf31fe3e5f.png
922,U+5265/d34e5f94d705cd30.png
923,U+8A73/fce37148da0d9b65.png
924,U+9B18/b3276f6f1e4e6582.png
925,U+88B4/d9bc37d3f9c698f7.png
926,U+52E2/ed697ccd67e212b8.png
927,U+7537/027f0a20ead37348.png
928,U+751E/7268ded2689f4f1b.png
929,U+5931/f794de3ccc9c2a20.png
930,U+67CA/9f3b27e102078bc8.png
931,U+85DC/85cbcee88ef67311.png
932,U+86B8/1e0d6354b851387b.png
933,U+6982/2c8560c633878d5c.png
934,U+72ED/5987fefc621ddf78.png
935,U+7FE0/48aa2940edcf3219.png
936,U+4FAE/0c3478323bef3c59.png
937,U+62ED/e424ab75c5f3f7ea.png
938,U+5B66/14befd01577675dc.png
939,U+4F46/0173a845c90883d4.png
940,U+7BB8/8453178abb236c8a.png
941,U+9BAA/50da5f8d7d13f9d1.png
942,U+72C4/a04b858c24897c7c.png
943,U+6B20/202467ff89d22b60.png
944,U+821C/cfac4cd6f9e3a27e.png
945,U+5BC7/ccf4c356a4b141b7.png
946,U+88D9/0c2b88ea13fc655c.png
947,U+8AF1/615ee4f5b983c6ce.png
948,U+93E4/0536351bfbefdebc.png
949,U+59E8/7eb8345d5484c208.png
950,U+8C8C/77306b68799414dd.png
951,U+7D76/49e7e7a2709a086a.png
952,U+5937/cd145a5a0d758ce4.png
953,U+8015/cbb02f47f74517a2.png
954,U+9C3A/65648a7f28f01533.png
955,U+8466/ea69e49b678cd72f.png
956,U+7ADF/b9fa82643d5d9e2d.png
957,U+5668/db38feb00cd59128.png
958,U+9D72/72ffde8a3de3ac45.png
959,U+5B5D/aa41d8d009867c4d.png
960,U+85FA/53ab63f49fd3e478.png
961,U+5BE9/bedc878997944943.png
962,U+7F77/415c8e404ae7c57d.png
963,U+6854/225d507819307137.png
964,U+71F5/460cfdf9d84cb597.png
965,U+76D2/b8be347c79098cb6.png
966,U+6020/0ee75937491fe335.png
967,U+6F3B/e7277e946242f51c.png
968,U+9593/44b2778138e2c415.png
969,U+679C/49cadd15c7c5d6e4.png
970,U+6795/c153590b81f60027.png
971,U+9AED/c88a0959912b86cc.png
972,U+6A9C/9499627277e10624.png
973,U+6536/52d63ccf075a03ad.png
974,U+6684/78ef585c34ba1218.png
975,U+6574/27263b08f990d87d.png
976,U+6A66/9801548a78025779.png
977,U+68D0/a03551c5feee99d7.png
978,U+539A/71b7c2d61e01bd85.png
979,U+52D9/6a48e05a1f065e2e.png
980,U+60A9/13fb8e3823687e05.png
981,U+662F/e64de3f62e0799c7.png
982,U+95BB/260175c49fdeda81.png
983,U+874B/10cd4fd4913bce2a.png
984,U+9AD8/a8301b689cf70c69.png
985,U+8207/4592bd206fabeea1.png
986,U+96DB/2cca73f7622eecf1.png
987,U+68AF/faac8288c8238d49.png
988,U+6A29/6d16e794ad435f9a.png
989,U+79B0/e843f07ee9ef0b5c.png
990,U+725D/c27de86c3414a679.png
991,U+7678/36ad7247d5cec04e.png
992,U+86C7/a980ef7e57c6ec8e.png
993,U+5F80/02833137db19d79d.png
994,U+62BC/5df4d835e520d43d.png
995,U+9837/180212b3b647af55.png
996,U+55E3/264fcbe72da90ace.png
997,U+5FCD/dcbc099b0162137a.png
998,U+7985/2f8dc5722f5d058c.png
999,U+722C/6ed45159e384ae2f.png
